<?xml version="1.0" encoding="UTF-8"?>
<metadata xml:lang="es"><Esri><CreaDate>20230816</CreaDate><CreaTime>19130900</CreaTime><ArcGISFormat>1.0</ArcGISFormat><SyncOnce>TRUE</SyncOnce><DataProperties><lineage><Process ToolSource="c:\program files (x86)\arcgis\desktop10.8\ArcToolbox\Toolboxes\Spatial Analyst Tools.tbx\ExtractMultiValuesToPoints" Date="20230816" Time="191309">ExtractMultiValuesToPoints puntos_gps "TWI2.tif TWI2" NONE</Process><Process ToolSource="c:\program files (x86)\arcgis\desktop10.8\ArcToolbox\Toolboxes\Data Management Tools.tbx\AddXY" Date="20230816" Time="191649">AddXY puntos_gps</Process></lineage></DataProperties></Esri></metadata>
