<?xml version="1.0" encoding="UTF-8"?>
<metadata xml:lang="es"><Esri><CreaDate>20230818</CreaDate><CreaTime>19181800</CreaTime><ArcGISFormat>1.0</ArcGISFormat><SyncOnce>TRUE</SyncOnce><DataProperties><lineage><Process ToolSource="c:\program files (x86)\arcgis\desktop10.8\ArcToolbox\Toolboxes\Spatial Analyst Tools.tbx\RasterCalculator" Date="20230818" Time="191818">RasterCalculator ""aptitud" - "impacto_4"" "C:\TFM_RAIZ\CAPACIDAD ACOGIDA\Raster calculator\cap_acogida4"</Process></lineage></DataProperties></Esri></metadata>
